NA,Never,Often,Rarely,Sometimes
0.145748987854251,0.10121457489878542,0.13765182186234817,0.17813765182186234,0.43724696356275305
0.2283702213279678,0.1881287726358149,0.1056338028169014,0.1267605633802817,0.35110663983903423
0.05555555555555555,0.05555555555555555,0.2777777777777778,0.16666666666666666,0.4444444444444444
